Industries applied,Category,Sub Category,Problem ID,Problem Print Title,Problem text,Problem Weight,Problem Time,Benefit Time,Benefit Cost,Benefit Reinforcement,Solution
"furniture, footwear, jewelry, fashion, food, beverages, other",ecommerce,E-Commerce,ecommup,Incarcarea produselor in magazinul online,Echipa noastra petrece peste o ora pe zi incarcand produse in magazinul nostru online.,2,60,15,,"Schimba-ti focusul pe operatiuni si crestere. | Lasa un sistem automatizat sa se ocupe de sarcinile de rutina din e-commerce, precum editarea fotografiilor, scrierea descrierilor si incarcarea produselor.",Incarca si gestioneaza sute de produse simultan prin implementarea unui modul automatizat de incarcare a produselor in e-commerce.
"furniture, footwear, jewelry, fashion, food, beverages, other",ecommerce,E-Commerce,ecomphotup,Editarea fotografiilor pentru website/retele sociale,Petrecem peste 2 ore pe zi editand fotografii de produs.,2,120,0.5,,"Schimba-ti focusul pe operatiuni si crestere. | Lasa un sistem automatizat sa se ocupe de sarcinile de rutina din e-commerce, precum editarea fotografiilor, scrierea descrierilor si incarcarea produselor.","Editeaza si redimensioneaza fotografii pentru mai multe platforme tinta in cateva secunde, folosind un modul automatizat de editare a fotografiilor care invata sa se potriveasca cu estetica vizuala a brandului tau."
"furniture, footwear, jewelry, fashion, food, beverages, other",ecommerce,E-Commerce,ecomproddescr,Scrierea descrierilor de produse,Echipa noastra scrie descrieri si specificatii pentru peste 10 produse noi zilnic.,1,60,0.5,,"Schimba-ti focusul pe operatiuni si crestere. | Lasa un sistem automatizat sa se ocupe de sarcinile de rutina din e-commerce, precum editarea fotografiilor, scrierea descrierilor si incarcarea produselor.","Genereaza descrieri de produse care se potrivesc tonului si stilului tau de scriere folosind un modul bazat pe GPT, care compileaza descrieri de produse pe baza specificatiilor."
"furniture, footwear, jewelry, fashion, food, beverages, other",ecommerce,E-Commerce,ecomplatfman,Vanzarea pe mai multe platforme,Avem dificultati in a mentine stocurile sincronizate pe toate canalele de vanzare.,2,120,0.5,,"Elibereaza-ti timpul necesar pentru extindere. | Foloseste o platforma automatizata de gestionare a canalelor de vanzare, genereaza facturi si conecteaza-te automat la curieri.","Vinde pe multiple canale si actualizeaza stocul produselor in timp real, folosind un instrument de conectare si centralizare a marketplace-uri-lor."
"furniture, footwear, jewelry, fashion, food, beverages, other",ecommerce,E-Commerce,ecomplatfinvoic,Facturare,Emitem manual peste 10 facturi in fiecare zi.,1,50,0.5,,"Elibereaza-ti timpul necesar pentru extindere. | Foloseste o platforma automatizata de gestionare a canalelor de vanzare, genereaza facturi si conecteaza-te automat la curieri.",Completeaza si trimite facturile clientilor tai in mod automat prin implementarea unui modul de generare a facturilor.
"furniture, footwear, jewelry, fashion, food, beverages, other",ecommerce,Production Management,ecomcldb,Detalii clienti si comenzi,"Copiem manual detaliile comenzilor intre vanzari, facturare si expediere, ceea ce cauzeaza intarzieri.",1,120,0.5,,Redu erorile de productie asigurandu-te ca eforturile echipei tale se duc in aceiasi directie. | Adu-ti echipa impreuna implementand o aplicatie centralizata de management al proiectelor si al task-urilor din productie.,"Asigura-te ca specificatiile comenzilor si detaliile clientilor sunt corecte prin implementarea unui protocol centralizat de comunicare a comenzilor. Adauga comenzile intr-o baza de date centrala si comunica-le automat angajatilor, furnizorilor de transport sau contabililor."
"furniture, footwear, jewelry, fashion, food, beverages, other",production,Production Management,exspdprschd,Managementul productiei,"Urmarim productia in Excel si re-aranjam manual programul, ceea ce cauzeaza nealiniere in echipa.",2,120,0.5,,Redu erorile de productie asigurandu-te ca eforturile echipei tale se duc in aceiasi directie. | Adu-ti echipa impreuna implementand o aplicatie centralizata de management al proiectelor si al task-urilor din productie.,"Asigura-te ca intreaga echipa este aliniata la programul proiectului prin implementarea unui modul automatizat de management al productiei care ia in considerare programul angajatilor, resursele alocate fiecarui proiect, costurile, intarzierile iminente si care poate modifica si actualiza programul companiei in functie de analizele in timp real ale fabricii."
"furniture, footwear, jewelry, fashion, food, beverages, other",production,Production Management,tskmonitprod,Managementul angajatilor,"Task-urile de productie finalizate nu sunt transmise in timp real, ceea ce duce la timp nefolosit pentru angajati.",2,60,0.5,reducing,Urmareste productia pieselor in timp real. | Tine evidenta pieselor finalizate si a statusului proiectului prin implementarea de solutii mobile si IoT pentru productie.,Redu timpul nefolosit al angajatilor prin implementarea unui sistem de notificari care ruleaza pe telefoanele lor mobile sau pe tabletele din fabrica si le spune cand o piesa este gata pentru procesare in departamentul lor.
"furniture, footwear, jewelry, fashion, food, beverages, other",production,Production Management,dppmislo,Intarzieri in productie,"Piesele finalizate sunt adesea plasate gresit sau pierdute in atelier, ceea ce cauzeaza intarzieri la asamblare.",3,300,,,Urmareste productia pieselor in timp real. | Tine evidenta pieselor finalizate si a statusului proiectului prin implementarea de solutii mobile si IoT pentru productie.,"Urmareste unde au fost depozitate piesele finalizate prin implementarea unui sistem de urmarire inteligent, cum ar fi etichetele NFC de unica folosinta."
"furniture, footwear, jewelry, fashion, food, beverages, other",production,Production Management,gendelayprod,Intarzieri in productie,"Problemele de productie nu sunt detectate in timp real, ceea ce duce la blocaje mai tarziu.",3,300,,,Urmareste productia pieselor in timp real. | Tine evidenta pieselor finalizate si a statusului proiectului prin implementarea de solutii mobile si IoT pentru productie.,"Evita aparitia problemelor de productie tarziu in proces, asigurandu-te ca angajatii pot raporta defectele in timp real printr-o aplicatie centralizata a companiei. Daca vrei sa mergi si mai departe, poti implementa inspectii de calitate automate folosind camere cu viziune computerizata."
"furniture, footwear, jewelry, fashion, food, beverages, other",production,,clicomsch,Intarzieri in comunicarea cu clientii,Nu reusim sa notificam clientii la timp despre intarzierile de productie si schimbarile de program.,1,30,0.5,repeat,Imbunatateste comunicarea cu clientii | Anticipeaza intrebarile acestora si ofera automat informatii esentiale.,"Comunica automat informatiile esentiale clientilor tai, pe masura ce se intampla. Implementa un sistem automat de comunicare prin email/Whatsapp care primeste actualizari despre stadiul productiei unei comenzi si le trimite clientilor inainte sa intrebe."
"furniture, footwear, jewelry, fashion, food, beverages, other",production,Production Management,matbudg,Bugetarea materialelor,"De multe ori trebuie sa cumparam materiale suplimentare in timpul proiectelor, ceea ce duce la costuri neprevazute.",2,,,,Elimina intarzierile in productie cauzate de lipsa stocurilor de materiale | Calculeaza necesarul de materiale pe proiect si implementeaza un sistem de urmarire a inventarului care te alerteaza inainte de a atinge limitele critice.,Preconizeaza ce materiale ar putea fi necesare in timpul unui proiect folosind analizele datelor din istoricul comenzilor. Implementeaza un modul de cotatii si predictie a materialelor care iti spune ce sa cumperi inainte sa incepi lucrul.
"furniture, footwear, jewelry, fashion, food, beverages, other",production,Resource Management,rawmatinvt,Inventar materii prime,De multe ori ramanem fara stoc de materie prima in mijlocul unui proiect.,2,240,0.5,pieces,Elimina intarzierile in productie cauzate de lipsa stocurilor de materiale | Calculeaza necesarul de materiale pe proiect si implementeaza un sistem de urmarire a inventarului care te alerteaza inainte de a atinge limitele critice.,Calculeaza exact ce materiale ai nevoie pentru a finaliza o comanda si compara-le cu stocul de materiale pe care il ai in depozit. Implementeaza un modul de monitorizare a inventarului de materii prime care te alerteaza atunci cand nivelurile stocului de materiale esentiale sunt scazute.
"furniture, footwear, jewelry, fashion, food, beverages, other",production,Resource Management,hrmdgprod,Bugetarea resurselor umane,De multe ori ajungem sa avem termene foarte stranse de productie.,2,240,0.5,,"Gestioneaza cotatiile de pret | Calculeaza si aloca automat resursele umane, financiare si materiale pentru fiecare proiect nou.","Asigura-te ca aloci termene realiste pentru proiecte prin implementarea unui modul de cotatie al proiectelor. Modulul te ajuta sa setezi termene realiste, efectuand analize de date pe istoricul proiectelor tale anterioare, cum ar fi timpul petrecut pe diverse taskuri, costul per task si nivelul de incarcare al productiei."
"furniture, footwear, jewelry, fashion, other",prototyping,Prototyping Management,protbudg,Managementul prototipurilor,De multe ori subestimam bugetul pentru faza de prototipare.,2,240,0.5,,Echilibreaza balanta dintre prototipare si productie finala | Preconizeaza volumul de munca si costurile pentru prototipare in baza informatiilor din proiectele anterioare.,Cuantifica taskurile experimentale implicate intr-un proces de prototipare si asigura-te ca setezi bugetul corect pentru materiale. Foloseste un sistem inteligent de analiza a taskurilor care poate prezice cum vor arata costurile de prototipare pe baza datelor istorice.
"furniture, footwear, jewelry, fashion, other",prototyping,Prototyping Management,prottime,Managementul prototipurilor,Nu alocam suficient timp pentru faza de prototipare.,2,240,0.5,,Echilibreaza balanta dintre prototipare si productie finala | Preconizeaza volumul de munca si costurile pentru prototipare in baza informatiilor din proiectele anterioare.,"Pentru proiectele care implica multa prototipare, implementeaza un sistem de setare a deadline-uri-lor variable, asigurandu-te ca echipa ta are suficient spatiu pentru experimentare. Poti folosi date istorice ale companiei despre proiecte care au implicat task-uri similare pentru a construi un program predictiv al proiectului in mod automat. "